53dc096fc26ee47d9e5a8e8e,20160915-g3-trunsky-Android-English
53dc096fc26ee47d9e5a8e8e,20170125-g3-gunlion-Android-English
53dc096fc26ee47d9e5a8e8e,20170125-g3-tigerflame-Android-English
53dc096fc26ee47d9e5a8e8e,20170125-ss-trunskyleaf-Android-English
53dc096fc26ee47d9e5a8e8e,20170125-cp-gameplay-Android-English
542608a689b0bb11d1d3c9b0,20160915-g3-trunsky-iOS-English
542608a689b0bb11d1d3c9b0,20170127-cp-gameplay-iOS-English
542608a689b0bb11d1d3c9b0,20170127-g3-gunlion-iOS-English
542608a689b0bb11d1d3c9b0,20170127-g3-tigerflame-iOS-English
542608a689b0bb11d1d3c9b0,20170127-ss-trunskyleaf-iOS-English
